GEOID_ZCTA,pvty_pct
63333,15.91203104786546
63334,14.54625036475051
63343,25.845021844102096
63344,9.386548410938655
63347,23.38049143708116
63348,2.0585208057638584
63349,7.155963302752294
63359,13.613684960798288
63362,13.863140676117775
63369,13.326446280991735
63370,0
63377,15.800960279353992
63379,8.39549213556024
63381,22.7994227994228
63387,16.666666666666664
63389,12.91545189504373
63390,19.88854376027773
63383,13.289098350489892
