GEOID_ZCTA,wht_pct,blk_pct
63010,96.45078871361919,0.7498333703621417
63012,99.28812289246909,0
63015,96.89387402933562,0
63016,98.0616038236856,0.03983005841741901
63019,92.36447520184544,2.3990772779700116
63020,96.8735931169026,0.8904006803061377
63023,98.33247378373731,0
63025,94.74675596483885,0.558113576112739
63026,94.79751426525286,0.9702682098551528
63028,97.09662785422653,1.429003477997883
63041,100,0
63047,100,0
63048,97.05806451612902,2.529032258064516
63049,94.6143234854581,0.2758937808943557
63050,97.62233375156838,0.6838143036386449
63051,96.86374231828778,0.169527442254715
63052,94.89416058394161,0.22627737226277372
63053,100,0
63057,78.78787878787878,21.21212121212121
63069,90.48993244572704,4.0401390437463105
63070,92.42610837438424,4.532019704433497
63072,96.85420447670901,2.722323049001815
63087,100,0
63627,98.15573770491804,0
63628,89.02943018159048,8.728866624921729
