GEOID_ZCTA,pvty_pct
63301,10.528684927190476
63303,7.135057953972787
63304,2.7441917041722417
63332,4.4692737430167595
63341,3.092501368363437
63348,2.0585208057638584
63357,6.021384355655599
63366,6.408696357589032
63367,3.188981263184018
63368,4.416403785488959
63373,8.347529812606473
63376,4.097749962747728
63385,6.524298741775366
63386,12.244897959183673
