GEOID_ZCTA,wht_pct,blk_pct
63005,85.88919326885448,1.1237211382568346
63011,89.86106774898532,2.1047975855968364
63017,82.4790643950332,4.273751082876119
63021,86.21805701278609,2.555438977113083
63025,94.74675596483884,0.5581135761127388
63026,94.79751426525286,0.9702682098551528
63031,58.5566966827643,33.971614753579786
63033,29.515479984182736,64.26926566025448
63034,32.85418647575368,62.59298618490967
63038,93.52833121379115,1.8651971174226365
63040,91.32961976265439,0.9203196899975782
63042,53.99886848737335,37.982821581031736
63043,71.56810513230332,10.326762564375777
63044,73.39597570235384,20.596051632498103
63045,NaN,NaN
63049,94.6143234854581,0.2758937808943557
63069,90.48993244572704,4.040139043746311
63074,57.732703163975316,34.70526453984508
63088,89.51766953199618,2.6862464183381087
63105,77.68504881906944,6.480117820324005
63114,61.35486234395694,27.6946487446107
63117,78.30251726442414,11.227444865226108
63119,86.96327559424367,7.793311644538233
63120,2.0941203543895988,95.78874697963413
63121,13.781765040188358,82.33336039620036
63122,91.52406555343018,4.601147702011064
63123,90.38333659299825,2.5014668492079015
63124,87.69742310889444,3.084880391613559
63125,89.48563470679059,5.080076291968151
63126,94.0531763750761,2.0634598471010084
63127,92.15804251905335,1.784997994384276
63128,95.31904905609764,1.3479529222412232
63129,95.2301988038233,1.682472843807643
63130,54.34293818534021,36.62873153689162
63131,89.61252623815737,1.7700119135417258
63132,51.11342816712594,36.21062039174797
63133,8.54689203925845,89.04034896401308
63134,29.597042513863215,66.41035120147875
63135,28.66614842928346,65.15615711738076
63136,7.051155006496224,89.49593710774923
63137,19.077798293328012,78.68656120564899
63138,18.797761274351522,77.6181250672694
63140,20.28985507246377,79.71014492753623
63141,77.985401459854,6.75425790754258
63143,76.83869619724194,17.070622649394064
63144,88.04584527220631,2.842406876790831
63146,73.40115315792963,12.820597786466964
63147,3.554168344744261,93.9085783326621
63304,91.09915933813019,3.2754318385541583
