GEOID_ZCTA,wht_pct,blk_pct
63301,89.72274296990626,4.773556980759743
63303,83.9873919759529,6.982423913497265
63304,91.09915933813019,3.2754318385541588
63332,99.84038308060654,0.1596169193934557
63341,98.47119847119848,0.5187005187005187
63348,97.98275105978658,1.1840374214296154
63357,97.71149878071655,0.45019696117051206
63366,91.47336813042864,4.1071320610225515
63367,92.16608882284959,3.2648175664520394
63368,87.03003907000576,3.956104955272316
63373,98.65092748735245,0
63376,90.93192563937245,4.372179239200516
63385,91.9856075537425,4.595040564697254
63386,94.64285714285714,3.061224489795918
