GEOID_ZCTA,wht_pct,blk_pct
63349,92.17749313815187,0.7776761207685271
63357,97.71149878071657,0.4501969611705121
63363,89.3503727369542,2.1831735889243875
63381,100,0
63383,94.77857752836402,0.8966695132365499
63390,88.47067421889275,5.042938059565138
65041,97.07128384601216,0.4236507644133358
63348,97.9827510597866,1.1840374214296157
63351,98.2749607945635,0.47046523784631467
