GEOID_ZCTA,pvty_pct
63349,7.155963302752294
63357,6.021384355655599
63363,27.5515895147797
63381,22.799422799422796
63383,13.289098350489892
63390,19.888543760277727
65041,7.74859287054409
63348,2.058520805763858
63351,7.873154729360306
